timestamp,temperature,vibration,pressure,humidity,voltage,label
2026-01-01 00:00:00,22.0000984122686,0.36644652916734427,101.50511006319677,45.024818657489575,3.304880447314466,0
2026-01-01 00:01:00,22.052464998101343,0.3396558874820303,101.51035941525178,44.99599299149973,3.3067793218305446,0
2026-01-01 00:02:00,22.035163250243087,0.34383489941585865,101.46753050993007,45.16525822799044,3.2935227055861893,0
2026-01-01 00:03:00,22.014303038548192,0.3630034146987185,101.4966367112008,45.04741599631408,3.3024045786259597,0
2026-01-01 00:04:00,22.077523721020075,0.35264088737022087,101.59406128635916,44.756871109223965,3.307738706104712,0
2026-01-01 00:05:00,22.062767395785063,0.37649150082034005,101.39397053496513,45.33050044950106,3.3146282527601523,0
2026-01-01 00:06:00,22.17493111513034,0.3733722332773683,101.50989482733964,45.289816860906406,3.3046561542541726,0
2026-01-01 00:07:00,22.30514038704798,0.35865102575985347,101.43794610109363,45.215338907917385,3.3020670190805133,0
2026-01-01 00:08:00,22.186097760213663,0.3765133115607415,101.5012555138889,45.536115613018175,3.3209192832991343,0
2026-01-01 00:09:00,22.20309983982713,0.3729629583469412,101.53778840004696,45.630438012956624,3.3232239953260434,0
2026-01-01 00:10:00,22.31886641052309,0.39465598259114254,101.48099960002787,45.08856550794532,3.3187830420215483,0
2026-01-01 00:11:00,22.334814526295425,0.37397919726485024,101.52759181400504,45.202069643593816,3.3123430375357508,0
2026-01-01 00:12:00,22.340890623914273,0.3792802081128829,101.38227788047976,45.81973108264131,3.3218051873354693,0
2026-01-01 00:13:00,22.28378995092808,0.406277317226337,101.54024470996734,45.82305081571824,3.3207060972826734,0
2026-01-01 00:14:00,22.381200285086297,0.4237593140233582,101.43349860186481,45.31901278913053,3.3277519656939334,0
2026-01-01 00:15:00,22.463988565082502,0.4220586792038139,101.5025982951437,45.24354030201203,3.3122124018685937,0
2026-01-01 00:16:00,22.32513020690426,0.3947281061654104,101.47147738276003,45.4142545868034,3.324221243816132,0
2026-01-01 00:17:00,22.41980935797612,0.3985742886858924,101.3003856357296,45.483856403724815,3.32303263109119,0
2026-01-01 00:18:00,22.32748994311918,0.4196038342326012,101.40485970388812,45.24690696401442,3.3163666598270574,0
2026-01-01 00:19:00,22.398982232498184,0.3958388753259747,101.45787686288772,45.68504062091683,3.327830409260689,0
2026-01-01 00:20:00,22.376723514719476,0.38395165801110515,101.53202984583933,45.391305588301684,3.32716510871793,0
2026-01-01 00:21:00,22.526503717532695,0.40102562046096746,101.44989806796569,45.44261926058316,3.3243004800407245,0
2026-01-01 00:22:00,22.46446850395249,0.4065019219047348,101.441724013816,46.00786329018383,3.3313640508233378,0
2026-01-01 00:23:00,22.607396896748178,0.3875276729391912,101.33483510583257,45.64140191769094,3.3173709144271557,0
2026-01-01 00:24:00,22.617320379047325,0.37528521302958795,101.49853660924624,45.82742550475746,3.328729002695527,0
2026-01-01 00:25:00,22.60813903917904,0.3782194551692767,101.5139061794639,46.03538202482605,3.3329563257892008,0
2026-01-01 00:26:00,22.439271282853362,0.4093224350317414,101.39975640186196,46.113938313932515,3.3320329893163843,0
2026-01-01 00:27:00,22.614218152650498,0.3873167337992321,101.37716805267303,45.85860059653727,3.3385362718537848,0
2026-01-01 00:28:00,22.66929671221423,0.3957072304886516,101.28527811069367,45.985796652000076,3.3203876152573666,0
2026-01-01 00:29:00,22.697246157656156,0.39993838480011545,101.42724897452047,45.800005210347514,3.3179125806771683,0
2026-01-01 00:30:00,22.579897539315358,0.4047519845277047,101.52798119397845,46.474458386432005,3.331774780669019,0
2026-01-01 00:31:00,22.677319393934603,0.38895420490017596,101.40023730151516,46.23101466811355,3.333297929910037,0
2026-01-01 00:32:00,22.649576804108367,0.39977597365550627,101.42417556576277,45.82327779764083,3.34631826147939,0
2026-01-01 00:33:00,22.674541733483732,0.3770739158091668,101.37180372043441,46.130299439004155,3.3339049394223803,0
2026-01-01 00:34:00,22.83456816573823,0.38294909251403253,101.27089061974837,46.33749676574399,3.3215034248337463,0
2026-01-01 00:35:00,22.69458492145792,0.37078806027009814,101.40069878694285,46.308402316738764,3.3343782957443495,0
2026-01-01 00:36:00,22.76510912997771,0.4007496672729863,101.23673049016715,46.674889937672496,3.320513881622796,0
2026-01-01 00:37:00,22.846006107688694,0.38083572820362455,101.28827740185127,46.58932251907253,3.3146569276256286,0
2026-01-01 00:38:00,22.73512219514663,0.3674823800973079,101.3075726494321,46.13964948921222,3.3465992109454534,0
2026-01-01 00:39:00,22.77843228433282,0.370489491620096,101.33355860642128,46.27999303863735,3.327436413598958,0
2026-01-01 00:40:00,22.800759592557657,0.36953770412094145,101.29511029285993,46.009284378968644,3.329576206765149,0
2026-01-01 00:41:00,22.800569026018337,0.3803584124331626,101.28275951346669,46.41897498826339,3.3273181823286153,0
2026-01-01 00:42:00,22.699991523169828,0.34281486483501666,101.20309623984015,46.42086056841854,3.3361891906448657,0
2026-01-01 00:43:00,22.805598969077025,0.34801569758373285,101.16050383678326,47.085012367879486,3.3227812895511035,0
2026-01-01 00:44:00,22.908705713846015,0.3546662485411817,101.23048690080859,46.45910595785145,3.3290026012801213,0
2026-01-01 00:45:00,22.675700055814048,0.39504058789451046,101.17297657176476,45.93649534425738,3.3097358935231345,0
2026-01-01 00:46:00,22.866674409227176,0.3680779784907262,101.12577658275792,46.316400507356924,3.3054546238668787,0
2026-01-01 00:47:00,22.80490662859639,0.34874118613070104,101.11681474851785,46.53663241698632,3.326590918906935,0
2026-01-01 00:48:00,22.74046080755928,0.35776128656478356,101.15177116878795,46.21816559716708,3.3255170565463463,0
2026-01-01 00:49:00,22.947222081206544,0.3746241341121601,101.05831825515762,46.33848531717798,3.3163013721264933,0
2026-01-01 00:50:00,22.84257589230479,0.33696544295459485,101.07681305902697,46.48648197363149,3.312483791771802,0
2026-01-01 00:51:00,22.679061534425355,0.331726744737195,101.04764262677689,46.68542591933708,3.3104314267782584,0
2026-01-01 00:52:00,22.77338705488479,0.3522102069719072,101.1446849821392,46.58019069082255,3.3019953914614257,0
2026-01-01 00:53:00,22.805003277923593,0.33832274203217355,101.14614345084442,46.420235227718756,3.3181853106544987,0
2026-01-01 00:54:00,22.734240054710234,0.3379439751650957,101.22993180133749,46.859937839580326,3.3095046467604505,0
2026-01-01 00:55:00,22.793494267047464,0.31731281158137403,101.00742206604055,46.54803260723465,3.3066251732780114,0
2026-01-01 00:56:00,22.722116555848594,0.350972717939477,101.04420775391554,46.57748286829546,3.3039233068149843,0
2026-01-01 00:57:00,22.76846648621862,0.34505096747676894,101.1273968602993,46.3762025590621,3.3076311609969995,0
2026-01-01 00:58:00,22.816905225162145,0.3253296748534787,101.04724495638435,46.542847951447264,3.3016237754035886,0
2026-01-01 00:59:00,22.63361208644328,0.3246854793267287,101.02820506095081,46.91995623907739,3.301889941436211,0
2026-01-01 01:00:00,22.688880773467368,0.281750962150958,101.13791878303422,46.369680188885475,3.2849315141147386,0
2026-01-01 01:01:00,22.619671841788637,0.3196323816703917,101.00258579059894,46.77279473208125,3.296736763579545,0
2026-01-01 01:02:00,22.650187099079286,0.3052393809476605,100.9410257217415,46.98592167511675,3.3085503094542106,0
2026-01-01 01:03:00,22.527482995282327,0.3129297969667439,100.91888177199564,46.72751836061009,3.2853283191273186,0
2026-01-01 01:04:00,22.557773493265113,0.31512191596126804,101.00554189818818,46.89644600522778,3.2869021496010804,0
2026-01-01 01:05:00,22.56931053034701,0.29842989841483775,100.99122592869088,46.571395645838685,3.2935618425247633,0
2026-01-01 01:06:00,22.6370498030476,0.27706266930271795,100.87813741337946,47.191647647480636,3.292620113867195,0
2026-01-01 01:07:00,22.63618816267701,0.30702002496867487,100.88886862723317,47.1522085719968,3.2885389035720234,0
2026-01-01 01:08:00,22.417415356206536,0.2896786291548213,100.96766051112118,46.94806811388391,3.2692352616695435,0
2026-01-01 01:09:00,22.437785967392557,0.2953625384274617,100.95783937116667,46.46204647370549,3.284877480912237,0
2026-01-01 01:10:00,22.53052998908904,0.2909846064836906,100.87228364715902,46.65032009817885,3.270140865189336,0
2026-01-01 01:11:00,22.2961938702081,0.2948873524182977,100.93593925063776,47.166348955883535,3.271822183663395,0
2026-01-01 01:12:00,22.394762556724324,0.2655489551992188,100.92071022789088,47.360180559118845,3.2816803554306695,0
2026-01-01 01:13:00,22.399711157486887,0.31884806771412655,100.76727771881382,47.01514261556439,3.2738755145669596,0
2026-01-01 01:14:00,22.483213567690598,0.30501564511393,100.84348105156081,47.26126532659673,3.2817385812451922,0
2026-01-01 01:15:00,22.412474914395283,0.318724775210626,100.87514078237248,46.805297580986725,3.2995425310128415,0
2026-01-01 01:16:00,22.3053600413911,0.33280276177294366,100.8039706744384,46.917046628439046,3.279749809434049,0
2026-01-01 01:17:00,22.275842722113868,0.3047037236666467,100.6982422968211,46.97118643586775,3.2785718067135785,0
2026-01-01 01:18:00,22.258715431635387,0.2787907233763837,100.79792870103638,47.08252817173273,3.2649637451302183,0
2026-01-01 01:19:00,22.37366019922033,0.2940776553993661,100.84848222477088,46.59975265462044,3.2664124279858915,0
2026-01-01 01:20:00,22.190261524205656,0.29122996320817035,100.88675091687522,47.221667658095285,3.2625611913997274,0
2026-01-01 01:21:00,22.172648434876102,0.30383365597502565,100.64917960771656,47.32102682734393,3.266413329777837,0
2026-01-01 01:22:00,22.197338161726588,0.31475640234285535,100.9262629350455,46.70643763573948,3.2616341787709957,0
2026-01-01 01:23:00,22.131441865701987,0.28589066882131214,100.6908166390815,46.65735873158288,3.2648762064976324,0
2026-01-01 01:24:00,22.097113268210634,0.32357380050650714,100.80499519994814,47.085746023952375,3.268361577804518,0
2026-01-01 01:25:00,21.995419155432046,0.29843473811349636,100.81091871687991,46.835779851958684,3.2619968594342135,0
2026-01-01 01:26:00,22.055163503932366,0.32833242757806763,100.7853022052679,46.40724131449711,3.258711335765967,0
2026-01-01 01:27:00,21.992067888360207,0.3251275238516574,100.72492365100733,47.202024398947984,3.2593274375253745,0
2026-01-01 01:28:00,22.092278630950915,0.32506657153022883,100.63606438161106,47.03804581030827,3.274097440347811,0
2026-01-01 01:29:00,22.022670801887013,0.3317664165624004,100.73332976481099,46.87859328586869,3.2712821000841172,0
2026-01-01 01:30:00,21.93996526628045,0.3279325548540783,100.6429991980321,47.52406354104131,3.2794397943866245,0
2026-01-01 01:31:00,21.9669143742373,0.3300713854667041,100.52492473717234,47.02771624514786,3.2801046958850177,0
2026-01-01 01:32:00,21.857911856757493,0.31729406579410135,100.83659590738306,46.80126155993595,3.2696281525970363,0
2026-01-01 01:33:00,21.94107559682045,0.3454011201363852,100.70013186667177,47.01087821362655,3.278403001890814,0
2026-01-01 01:34:00,21.828460089654808,0.3768571111945817,100.75772808932241,46.72088775394064,3.2622910585359937,0
2026-01-01 01:35:00,21.84776743593834,0.3822137764373777,100.585163395822,46.78513836087317,3.2929327772467167,0
2026-01-01 01:36:00,21.670283857108316,0.3756547241906988,100.71935331163408,47.06616267713379,3.2851633526464763,0
2026-01-01 01:37:00,21.774036991579493,0.36970970377152007,100.71836809321056,46.82437826703088,3.274886669303715,0
2026-01-01 01:38:00,21.58431708845898,0.352230167184929,100.70815734444642,46.842891258190505,3.2683803414495456,0
2026-01-01 01:39:00,21.52997583645632,0.3872183299989128,100.6057611069692,47.36493147696659,3.281874178850504,0
2026-01-01 01:40:00,21.642264528380284,0.36786564821194645,100.52728046960199,47.154024094161244,3.2650863663227683,0
2026-01-01 01:41:00,21.56887417751382,0.3707218083068804,100.58143447342,47.13059397893188,3.275087267015399,0
2026-01-01 01:42:00,21.628696344653317,0.37033726057934147,100.4528070855564,47.052229363223496,3.288644113219707,0
2026-01-01 01:43:00,21.770346675554826,0.37892606034063014,100.47601185778879,47.030578540288644,3.2846435340977234,0
2026-01-01 01:44:00,21.49994424183951,0.37373698849258036,100.57707195018455,47.26254610518246,3.281547360369189,0
2026-01-01 01:45:00,21.492835458090614,0.38159259739534285,100.50576250132092,46.88175756163979,3.2945609494443424,0
2026-01-01 01:46:00,21.536035273190496,0.36901851826759213,100.54934209073357,47.338143100231456,3.280166167209358,0
2026-01-01 01:47:00,21.5365087195191,0.3819639490126736,100.54690688985848,46.62341508836426,3.292308611809714,0
2026-01-01 01:48:00,21.461061296787665,0.42389174024170495,100.66380755190256,46.783891742340984,3.2876344510433446,0
2026-01-01 01:49:00,21.437474831538793,0.3905776660580751,100.62062108505542,46.48877695589656,3.2864509647222517,0
2026-01-01 01:50:00,21.48961818953216,0.3897949350093638,100.535156455634,46.732651598728125,3.298570377688176,0
2026-01-01 01:51:00,21.455208259537404,0.4029210189771571,100.60575693199699,46.9327730974809,3.2885693095751485,0
2026-01-01 01:52:00,21.311863937187763,0.4069181544723811,100.48210604098425,47.14994577678717,3.3133882916765796,0
2026-01-01 01:53:00,21.369938018806916,0.3807450313581668,100.50463530708495,46.60468296332801,3.2951600401448182,0
2026-01-01 01:54:00,21.361605478931825,0.39528860185952563,100.57571983983051,46.754636481632424,3.3174223701602643,0
2026-01-01 01:55:00,21.25775156051164,0.4128995269633401,100.44316329218508,46.645723687864624,3.2944134391736286,0
2026-01-01 01:56:00,21.347064313362026,0.4036841053222292,100.4977820737272,46.53251851532439,3.3096644453862387,0
2026-01-01 01:57:00,21.24266677115376,0.4017564779212568,100.43243156502936,46.40089820646042,3.2968569941094987,0
2026-01-01 01:58:00,21.37497307629544,0.4233062423317124,100.51619724297045,46.69392154329709,3.29734151338775,0
2026-01-01 01:59:00,21.29942818642554,0.3896760738839846,100.6048731916628,46.22569823853078,3.310940044407465,0
2026-01-01 02:00:00,21.278866963412895,0.40070910075778354,100.45987793835371,46.66576019275098,3.3166450075588276,0
2026-01-01 02:01:00,21.213082934176864,0.391072503433394,100.5169473833693,46.622230791511114,3.3025579338212934,0
2026-01-01 02:02:00,21.240462485807427,0.42041634333012334,100.44825652363228,46.430889107151174,3.323713366499024,0
2026-01-01 02:03:00,21.080674230718657,0.36775862184484065,100.43213529914598,46.320407297454565,3.3093036104540787,0
2026-01-01 02:04:00,21.14149265371269,0.38575023652183704,100.42628145364286,46.204342847876106,3.318130000506516,0
2026-01-01 02:05:00,21.25352323351338,0.3864273509143159,100.58735395234373,46.99502572806086,3.321461563108281,0
2026-01-01 02:06:00,21.04769054252215,0.4026830397519878,100.64176379900138,46.16796972281823,3.3244670514132557,0
2026-01-01 02:07:00,21.280181817567836,0.3999994770042113,100.52926160906848,46.86866044351798,3.306552549648775,0
2026-01-01 02:08:00,21.06824706509342,0.40982692401550763,100.45787503395438,46.60455916857597,3.3350443997443326,0
2026-01-01 02:09:00,21.264965690495476,0.36310936225864576,100.54403168638518,46.338315042372805,3.327682915492643,0
2026-01-01 02:10:00,21.13429332893065,0.3956346858911102,100.48287575037915,46.114380889791626,3.3208049434530573,0
2026-01-01 02:11:00,21.26277669387724,0.3774833360745564,100.55252668579072,46.63813928743552,3.3169628786453234,0
2026-01-01 02:12:00,21.21047753564615,0.36926148108571544,100.52371973333753,46.783339160287824,3.3124723338542994,0
2026-01-01 02:13:00,21.077618973596376,0.3845727797866639,100.52516826556013,46.090384131857355,3.3159220134538203,0
2026-01-01 02:14:00,21.302081576703632,0.35979290820382454,100.54725572427155,46.22173016793939,3.331878663987357,0
2026-01-01 02:15:00,21.320087715162963,0.339452224832373,100.47878840879164,46.53142009033584,3.3254114130211354,0
2026-01-01 02:16:00,21.20310245644256,0.36197202127405975,100.4923388343235,46.32413833690371,3.319621885339983,0
2026-01-01 02:17:00,21.191078882189466,0.3419002488070018,100.41667115370689,46.71145111399902,3.3249040695689343,0
2026-01-01 02:18:00,21.20583189153055,0.35141075838895214,100.49707872621563,46.039792668753726,3.341988133933484,0
2026-01-01 02:19:00,21.14723467846862,0.36344598853476984,100.44219367507596,46.28837864765306,3.3270945691756624,0
2026-01-01 02:20:00,21.32074752105004,0.35924585796194985,100.5230907844122,45.810169835171195,3.3252373507644837,0
2026-01-01 02:21:00,21.198021331865277,0.3750422630073464,100.47884444673946,46.61659954538752,3.3407984534879174,0
2026-01-01 02:22:00,21.246916991523996,0.34491135595217287,100.54719681223614,45.879405005866865,3.3336768576478084,0
2026-01-01 02:23:00,21.19806329042771,0.3215829116149584,100.57342433206205,45.47901098631913,3.3302315775211846,0
2026-01-01 02:24:00,21.222897762578643,0.3299422080893158,100.46641343756905,45.968233455067825,3.3248184922511905,0
2026-01-01 02:25:00,21.183149424557094,0.32423239797409015,100.50849508674374,45.933158060051994,3.316973293969794,0
2026-01-01 02:26:00,21.399228232162184,0.31654849505323235,100.50664083704791,46.41492985203869,3.319649378365487,0
2026-01-01 02:27:00,21.300525399402247,0.3382065514626352,100.61424983648564,45.81904389593409,3.3247016385479697,0
2026-01-01 02:28:00,21.40519222356195,0.31893913922329986,100.67833170578801,45.86800095292021,3.326231858377647,0
2026-01-01 02:29:00,21.344907706325372,0.295993610386657,100.63379695168733,45.98664670914177,3.3301959716999767,0
2026-01-01 02:30:00,21.30504954846638,0.33325278650231965,100.56875518566827,46.20170265211637,3.3310329410615993,0
2026-01-01 02:31:00,21.352042574198045,0.3183931365549307,100.68489268271745,45.75590941491896,3.327592849800745,0
2026-01-01 02:32:00,21.351727532050038,0.32281568213236433,100.51366967985632,45.997913023132256,3.3266837610535007,0
2026-01-01 02:33:00,21.41632099502016,0.3165920887908226,100.7022486364104,45.83364745334609,3.3158944158458383,0
2026-01-01 02:34:00,21.40554639236953,0.32217969940982727,100.58092761805314,45.595917466621316,3.305676779221713,0
2026-01-01 02:35:00,21.4321773373135,0.3111394670940718,100.46173349451672,45.65499343112315,3.317637310993685,0
2026-01-01 02:36:00,21.367182020519103,0.32715171379789043,100.79608213224502,45.60819169914536,3.31299334266816,0
2026-01-01 02:37:00,21.434883665765028,0.31320680236605614,100.74042483486329,45.33723679941585,3.3141640939142984,0
2026-01-01 02:38:00,21.65435770117439,0.31112824529891,100.59276142809253,45.83469569327261,3.315887435616604,0
2026-01-01 02:39:00,21.491545784128846,0.31000923268459796,100.67396178911807,45.14972736438209,3.3067779686476437,0
2026-01-01 02:40:00,21.484708266281196,0.2808306460195638,100.660308222433,45.75361757487319,3.306434086980417,0
2026-01-01 02:41:00,21.620362844606596,0.2992398914068438,100.68887261006462,45.66397075844282,3.3130597127986245,0
2026-01-01 02:42:00,21.730818079668033,0.2970634411534329,100.60350162548474,45.366503580606505,3.3132897187384502,0
2026-01-01 02:43:00,21.52726081694186,0.30352805523222975,100.66156080088055,45.16267593254254,3.3055787242715504,0
2026-01-01 02:44:00,21.652702036222188,0.27971640468380066,100.74066570369823,45.26158483847292,3.313242739803183,0
2026-01-01 02:45:00,21.64504226224435,0.32451221132585845,100.73626700695112,45.400433680618534,3.305902008341073,0
2026-01-01 02:46:00,21.581335806880702,0.3016921299134041,100.80534993258183,45.431960232277675,3.2978758994946102,0
2026-01-01 02:47:00,21.807976676761605,0.28230392592452985,100.74883764171258,45.281799584898025,3.3047199853104874,0
2026-01-01 02:48:00,21.77459208795647,0.27540780908875157,100.89582289048353,45.421908706961176,3.3177988257465283,0
2026-01-01 02:49:00,21.809753097954893,0.2976067431168696,100.72289585748955,44.99826328120124,3.295677031438541,0
2026-01-01 02:50:00,21.771672906868545,0.3014798874553287,100.79251619856032,45.15996783151756,3.3087391615078587,0
2026-01-01 02:51:00,21.89627507622176,0.2932591924271504,100.67323308049075,44.67290559233381,3.3087676735267424,0
2026-01-01 02:52:00,21.844961763492176,0.30682805577740047,100.72441242623414,45.21954553853744,3.3080731387076154,0
2026-01-01 02:53:00,21.905029210381795,0.2974394293927612,100.89082547454714,45.0305702984574,3.287861272740534,0
2026-01-01 02:54:00,21.856263062223142,0.31713344402715904,100.76617730142722,44.85202260605748,3.3089368882570604,0
2026-01-01 02:55:00,21.8761684059453,0.29997473041233724,100.86632830681364,45.20995624268462,3.292138466049491,0
2026-01-01 02:56:00,22.10886572909514,0.31242360904515765,100.84262731356971,45.05613325034396,3.287598262547741,0
2026-01-01 02:57:00,21.990018777903934,0.3300063333615759,100.79560243270657,44.14287282126065,3.2862386962418593,0
2026-01-01 02:58:00,22.08244654629072,0.35637547195791835,100.84941079215396,44.82071244889474,3.291383749737032,0
2026-01-01 02:59:00,22.084858456420605,0.30530553994365356,100.85156316364913,44.41081845580181,3.285511299910651,0
2026-01-01 03:00:00,22.08060797444101,0.3162037375486717,100.86536014817715,45.00514676054514,3.282264193227623,0
2026-01-01 03:01:00,22.103452797097127,0.3134441791702291,100.9520693817534,45.32474428451716,3.2925755243953008,0
2026-01-01 03:02:00,22.2225025977859,0.3407834418376315,100.95830256508815,44.5369343404461,3.2752067526509747,0
2026-01-01 03:03:00,22.17573341099306,0.3148670463023951,100.89687587393713,44.649414868095654,3.2713844048250262,0
2026-01-01 03:04:00,22.215299230910286,0.32797277610896836,100.88949756830212,44.53233610445347,3.284877646299558,0
2026-01-01 03:05:00,22.256434311779252,0.33800929245637895,100.97330134324058,44.647256043317284,3.283031073531645,0
2026-01-01 03:06:00,22.375694334712204,0.3270396131353883,100.96282481799147,44.68529388487664,3.2850933318176,0
2026-01-01 03:07:00,22.362572517036263,0.33066318241551296,101.04300681286655,44.81071628008141,3.26677613175098,0
2026-01-01 03:08:00,22.364904647181433,0.3412140931016047,101.15312328250535,44.20699257543422,3.2830931289683996,0
2026-01-01 03:09:00,22.314949547556232,0.3201745487559964,101.05688080873871,44.811867266299,3.277465297798806,0
2026-01-01 03:10:00,22.274757214849057,0.33332422602122863,101.01671726018014,44.151382828139,3.2869582929535275,0
2026-01-01 03:11:00,22.48606513980363,0.35211389245301367,101.02096242190122,44.419039740177894,3.2622037014723118,0
2026-01-01 03:12:00,22.511683514179616,0.3637989508002069,100.99234784449187,44.605132945364524,3.2733540500830163,0
2026-01-01 03:13:00,22.446822088087988,0.3620037513746222,101.0017862142143,44.45973596867015,3.268893319177859,0
2026-01-01 03:14:00,22.52455626189176,0.34132957098733263,101.0083836254204,44.012977582604364,3.2579905942246845,0
2026-01-01 03:15:00,22.566234076062557,0.36405155746493206,101.05722755492445,44.038574160799904,3.26467486308971,0
2026-01-01 03:16:00,22.59208403518823,0.38596083100423134,101.06762757796564,44.06516589582785,3.279187077953607,0
2026-01-01 03:17:00,22.62050028082446,0.3851916063667,101.15013026452769,44.13492067717506,3.2662875199476415,0
2026-01-01 03:18:00,22.53084315331254,0.3784224578124436,101.09375078057721,44.40169742548998,3.2642195134462484,0
2026-01-01 03:19:00,22.708269855832132,0.36891165648837365,101.11795448496437,43.759544937428466,3.277000033244908,0
2026-01-01 03:20:00,22.50637528765132,0.3941658222931359,101.06873465119826,44.167015154508704,3.2781110221156826,0
2026-01-01 03:21:00,22.693298285519315,0.3783348597794732,101.25244661544835,44.17098879656539,3.2783322905944163,0
2026-01-01 03:22:00,22.681336419261935,0.3716368191809971,101.19603614469357,44.12654823452513,3.264449699435022,0
2026-01-01 03:23:00,22.728354232291164,0.37912545335380426,101.28469072748464,44.072367877787485,3.270722605215667,0
2026-01-01 03:24:00,22.824588428867703,0.41468327011943706,101.23680201887865,44.30453124814151,3.2799402843075107,0
2026-01-01 03:25:00,22.807966519258805,0.3978697810321294,101.2898794506038,44.016419605363325,3.267042412718694,0
2026-01-01 03:26:00,22.611660843827245,0.413366773408529,101.19697915731301,44.078588587586985,3.2669772115220814,0
2026-01-01 03:27:00,22.58134844590465,0.3899947387725647,101.26617274930956,43.975492071154065,3.2803622905751824,0
2026-01-01 03:28:00,22.79404674080172,0.4122541069295284,101.39658871782075,44.25352556536495,3.2870808377216805,0
2026-01-01 03:29:00,22.658818706655005,0.3899423272265844,101.17181509893753,43.30133303322384,3.2662894939197424,0
2026-01-01 03:30:00,22.749407550327987,0.39716895724925105,101.32661887592478,44.068252746324774,3.2557251672908922,0
2026-01-01 03:31:00,22.827001419974273,0.43717104813942653,101.36857494533558,43.654323256015424,3.265975300354845,0
2026-01-01 03:32:00,22.63677361485067,0.4115068620712211,101.30245482275215,43.621680349368,3.2706195160900617,0
2026-01-01 03:33:00,22.60695330622186,0.39238377700590266,101.33341555713409,43.42220142477509,3.2788246906230714,0
2026-01-01 03:34:00,22.80298062972099,0.3983090455288479,101.37441684205709,43.17054924178413,3.286121806938992,0
2026-01-01 03:35:00,22.791274899936237,0.4039344010376148,101.26737101249442,43.51585222216285,3.2813499380042948,0
2026-01-01 03:36:00,22.772542460485955,0.41643975267020245,101.34239114165996,43.413564485099826,3.2783000963304865,0
2026-01-01 03:37:00,22.79876180439056,0.3899732204047671,101.27362552615949,43.68346081328152,3.286560304805596,0
2026-01-01 03:38:00,22.729295302949954,0.37000756869833873,101.29478607864495,43.166857253395214,3.279114163954667,0
2026-01-01 03:39:00,22.678496604096733,0.3905449314101306,101.30751206309772,43.868316029404376,3.2879502679754595,0
2026-01-01 03:40:00,22.786663614600133,0.39338377525585727,101.3455587907841,43.554378470187736,3.284745598480936,0
2026-01-01 03:41:00,22.72165885877064,0.39301777766224594,101.37202903699549,43.40090196286938,3.312904639394343,0
2026-01-01 03:42:00,22.66629707083463,0.40916295541150577,101.39930521050432,43.2625125504499,3.2996062825436967,0
2026-01-01 03:43:00,22.83559262217893,0.3920257025219226,101.2927172309718,43.22057310765735,3.2880233420056464,0
2026-01-01 03:44:00,22.786574707024933,0.3971663368218185,101.50938946456554,43.1128827315875,3.2883757972601084,0
2026-01-01 03:45:00,22.81934789913229,0.3659976865989838,101.46656351184075,43.237874422911275,3.2945049173745904,0
2026-01-01 03:46:00,22.702017542359318,0.39293026919958174,101.44768716879592,43.354574806811485,3.2865165536088052,0
2026-01-01 03:47:00,22.721855682699186,0.4086195073463507,101.3883512995769,43.28836336692541,3.295497811468389,0
2026-01-01 03:48:00,22.686928414095885,0.38591357379644264,101.41187799241553,42.95927544400555,3.297098022629728,0
2026-01-01 03:49:00,22.687293953731736,0.37515894624234464,101.45777881284413,43.22719123986589,3.3117280487623484,0
2026-01-01 03:50:00,22.76426436202181,0.3706062305937627,101.45588260776448,43.051667526629856,3.302882275740425,0
2026-01-01 03:51:00,22.675445398884676,0.3919630514226751,101.33355073465692,43.296819001438344,3.3015897227860105,0
2026-01-01 03:52:00,22.755078978082135,0.3480403709655455,101.48831651432685,43.705472856252676,3.2987849531737297,0
2026-01-01 03:53:00,22.741357776653697,0.35702065025443336,101.62772318086738,43.378609023542836,3.3016608221032326,0
2026-01-01 03:54:00,22.86286296559939,0.3622907965090454,101.34021924254007,43.12770446346838,3.312074162704826,0
2026-01-01 03:55:00,22.57520590058658,0.3632242598346313,101.52010199020592,42.783987799619396,3.3123761645377687,0
2026-01-01 03:56:00,22.742564442850085,0.3421717142173968,101.48644933387658,42.8213499223022,3.3246198979637103,0
2026-01-01 03:57:00,22.648419988839564,0.3500144784095244,101.46140236273922,42.73877585350468,3.3119135588498394,0
2026-01-01 03:58:00,22.637667311688315,0.3379292761352083,101.55692362906846,43.32798258286587,3.3267685059385395,0
2026-01-01 03:59:00,22.505196552488066,0.3406337127718994,101.40362701583021,42.94186962519141,3.3216440184297222,0
2026-01-01 04:00:00,22.565973876933736,0.33362346106113827,101.4901108428919,43.13605065097489,3.320781460539562,0
2026-01-01 04:01:00,22.643080104451766,0.31532307220835837,101.5735447335639,42.95278200211073,3.3059194118018587,0
2026-01-01 04:02:00,22.55711665538237,0.32905040135458424,101.47434172645849,43.11959498768934,3.3127648401757313,0
2026-01-01 04:03:00,22.54957092882858,0.33953617351100424,101.46344801542784,43.43635458048194,3.3300449636406224,0
2026-01-01 04:04:00,22.49850825995312,0.30899036564402826,101.49871285256518,42.904470991499835,3.336249913492379,0
2026-01-01 04:05:00,22.592144742762255,0.3171137566559737,101.46635206476924,42.98087692872819,3.3275954183509295,0
2026-01-01 04:06:00,22.475437520575642,0.32806636684945983,101.59092209360185,42.85557735767136,3.332840466794568,0
2026-01-01 04:07:00,22.277889683277785,0.29955297125007907,101.44116597114912,43.26749687571391,3.3241923811006253,0
2026-01-01 04:08:00,22.374745822376493,0.3159996329432434,101.55208692473144,42.78475865614026,3.3251125475124597,0
2026-01-01 04:09:00,22.248248033728593,0.2951804487889835,101.42195282829395,42.75092446961028,3.3233221959076715,0
2026-01-01 04:10:00,22.12075933943106,0.3260970948546093,101.54097905327555,42.680886709625234,3.336877700209946,0
2026-01-01 04:11:00,22.313102077500627,0.3419470091545517,101.49351528210559,42.66996819092279,3.3321869719425647,0
2026-01-01 04:12:00,22.43637957620162,0.3359554775846112,101.34061959991239,43.134748110257554,3.3278448661393853,0
2026-01-01 04:13:00,22.307227379025463,0.3008980621275092,101.4991943573516,43.65489924777185,3.3272730190474853,0
2026-01-01 04:14:00,22.1830301059212,0.31405642658500615,101.43307733985739,42.76002434846364,3.3344418616733686,0
2026-01-01 04:15:00,22.174600682277813,0.3037450913335245,101.4704871048709,43.24366352540473,3.332571871795066,0
2026-01-01 04:16:00,22.31300997851349,0.3026519643706272,101.59148556729805,43.06612170109787,3.323235213669884,0
2026-01-01 04:17:00,22.20759144977314,0.32374414469249996,101.42606570378689,42.726067203294654,3.3434318042227127,0
2026-01-01 04:18:00,22.17099298480476,0.2803673030551579,101.42766230635267,42.93128648040568,3.3314808611971465,0
2026-01-01 04:19:00,22.1348346451973,0.3158330748901751,101.57968292016282,42.9417817083467,3.3291383818973284,0
2026-01-01 04:20:00,22.113964732662495,0.29933979891844575,101.49544562809211,42.82754604892607,3.340413102211297,0
2026-01-01 04:21:00,22.146964857175796,0.32149514028553045,101.5805363642946,43.48374495041066,3.336238987646677,0
2026-01-01 04:22:00,22.09827222315476,0.30368863292582665,101.50226425604507,42.52609557714103,3.3267086095484584,0
2026-01-01 04:23:00,22.042788693838816,0.29152138356923823,101.42443781097701,43.100077590003636,3.3309811343752895,0
2026-01-01 04:24:00,21.913535764429756,0.3067148807553645,101.47102625366794,43.090551902486744,3.3173319694271126,0
2026-01-01 04:25:00,22.009290719894636,0.3147543693967437,101.54692167429268,42.86627764023135,3.3198837033668296,0
2026-01-01 04:26:00,21.885139337391152,0.30561404149205906,101.52478754854732,43.05272575607252,3.3059692730070065,0
2026-01-01 04:27:00,21.998940519297406,0.3139604651740699,101.46216349799225,43.239575696403996,3.3327821233585997,0
2026-01-01 04:28:00,21.781415517359232,0.30056970826687035,101.46020019436041,43.06383712234525,3.3067281294963737,0
2026-01-01 04:29:00,21.84390571469317,0.27832636563111535,101.44504658590911,43.13611621197825,3.326194234212253,0
2026-01-01 04:30:00,21.826327576817597,0.3259509914180163,101.41082314206976,43.21179503922084,3.3128632200825026,0
2026-01-01 04:31:00,21.693166189232226,0.3252208714761497,101.55989146738716,42.53798362258094,3.3103812699741466,0
2026-01-01 04:32:00,21.909373332867226,0.31939567104046185,101.43514233538481,43.4236686492406,3.315301002590457,0
2026-01-01 04:33:00,21.861217186482943,0.32078451731284063,101.35861258823196,43.63236987164952,3.3175887273982543,0
2026-01-01 04:34:00,21.68039299325628,0.3380225165492089,101.39238274461205,43.31735278487758,3.318902766312714,0
2026-01-01 04:35:00,21.752672755744243,0.3184634746034855,101.4597740352015,43.33556760885606,3.326684235464031,0
2026-01-01 04:36:00,21.6950786899679,0.3176737079160274,101.44743611597538,42.74072111762486,3.313846757122761,0
2026-01-01 04:37:00,21.4299769144339,0.3284916486415552,101.39204541367202,43.07443764874173,3.3164601967186655,0
2026-01-01 04:38:00,21.633830911499086,0.35228752423667636,101.35166244123374,42.91292241142915,3.303026473192573,0
2026-01-01 04:39:00,21.584121493374553,0.31684462334920166,101.38651974039536,42.98164623801141,3.3119037949585826,0
2026-01-01 04:40:00,21.571440499566467,0.3587838800190469,101.27370987416847,43.383334147734246,3.3057807012262383,0
2026-01-01 04:41:00,21.454942273809184,0.3346131514328896,101.28831526611765,42.95434422955268,3.29919555067276,0
2026-01-01 04:42:00,21.496438939085476,0.33101206546022127,101.40934618985428,43.1371483040365,3.300470711404322,0
2026-01-01 04:43:00,21.481235184632148,0.36975642305211737,101.32171141453956,42.70748774761362,3.2990758050485587,0
2026-01-01 04:44:00,21.568696037748783,0.3527306208476884,101.36540236925497,43.160584333045435,3.299436219713332,0
2026-01-01 04:45:00,21.479226575222633,0.33799034501737374,101.40821076650697,43.2388508904066,3.2994598723458726,0
2026-01-01 04:46:00,21.43155022079316,0.35538945909797104,101.36370369670635,43.05689313652501,3.2905306721464207,0
2026-01-01 04:47:00,21.53455885550904,0.37796498498549375,101.31527180143169,43.07044706298568,3.2870453165950484,0
2026-01-01 04:48:00,21.348817666354496,0.38504685933032134,101.43545456913797,43.73993091665613,3.29734267317967,0
2026-01-01 04:49:00,21.343853170904588,0.3638495501767681,101.33535072019995,42.98436799471014,3.2762085396272713,0
2026-01-01 04:50:00,21.21223438840509,0.37935113229315004,101.26209446600784,43.04319500664902,3.283284873881873,0
2026-01-01 04:51:00,21.46648978384959,0.38686455774380124,101.31874771740013,43.12320188413723,3.299137363429734,0
2026-01-01 04:52:00,21.402334953656464,0.36926466441093453,101.28819954832436,43.645318047714554,3.2635857248502873,0
2026-01-01 04:53:00,21.383623893457973,0.38691182829370524,101.19952805456961,43.89170458174523,3.278271307573173,0
2026-01-01 04:54:00,21.34975526773842,0.3836200122820733,101.24595888307262,43.47060865742212,3.2879398348472533,0
2026-01-01 04:55:00,21.29192017448676,0.3784182173327606,101.220260373354,43.230013935976885,3.2679120556005468,0
2026-01-01 04:56:00,21.288126603563775,0.38127478880201854,101.09798052316499,43.32471491754703,3.300634580913358,0
2026-01-01 04:57:00,21.239436053764933,0.39168920410336344,101.19733737585848,43.72067410425897,3.257939211088397,0
2026-01-01 04:58:00,21.232961931224153,0.3929774187953863,101.17907796601108,43.25003797681049,3.289001800224876,0
2026-01-01 04:59:00,21.244205126064504,0.38570424628628386,101.1579489182622,43.864878716109054,3.288900338242735,0
2026-01-01 05:00:00,21.352387532103545,0.38925808591037897,101.07185185102601,43.88011902941619,3.2827774013325914,0
2026-01-01 05:01:00,21.268456737808105,0.4136051864677308,101.13966072048119,43.56834617894489,3.272754635581041,0
2026-01-01 05:02:00,21.212875118627345,0.4011620102400961,101.14721270172389,43.737625422392966,3.2765440826952887,0
2026-01-01 05:03:00,21.1657487020987,0.412067441387173,101.14397613205566,43.78929887204313,3.265749188003925,0
2026-01-01 05:04:00,21.15685319217608,0.4174380133419177,101.05558834526369,44.01664655066518,3.278725851025302,0
2026-01-01 05:05:00,21.332433016270947,0.4086434460327483,101.15250652790318,43.39191623114171,3.2627020233347497,0
2026-01-01 05:06:00,21.242330065865293,0.4340529397078699,101.02630472453068,43.97721016647289,3.268967083775138,0
2026-01-01 05:07:00,21.205795602646628,0.38756682347491334,101.07521131098174,43.61566755952611,3.278714197485852,0
2026-01-01 05:08:00,21.17231328738722,0.4118073650672624,101.15718645424633,43.545526478361474,3.261506180449902,0
2026-01-01 05:09:00,21.111920128314928,0.3944231751354644,101.0216067131943,43.79154435141491,3.267274126656105,0
2026-01-01 05:10:00,21.196951520998027,0.4263276322772441,101.02039707793149,43.741107654553716,3.2713620529512046,0
2026-01-01 05:11:00,21.27486649847405,0.4230775985148577,101.10565095649736,43.577036401735114,3.259265707740518,0
2026-01-01 05:12:00,21.17725824226697,0.36712659397376085,101.00329490059228,43.45418173891469,3.279359643284135,0
2026-01-01 05:13:00,21.195178435074737,0.38056921056789644,100.99617340540605,43.647974314172856,3.272907935846261,0
2026-01-01 05:14:00,21.201374976754135,0.4035289603596022,101.01563233282762,44.276940119153664,3.258286111128748,0
2026-01-01 05:15:00,21.234521151430844,0.4036807900750699,101.05419673713646,44.43520501038069,3.270355466683444,0
2026-01-01 05:16:00,21.105996063028527,0.40096390577342306,100.84112138252284,44.13815246310848,3.264939239885181,0
2026-01-01 05:17:00,21.22326605159772,0.38675778694055923,100.91345038937719,44.30350406249372,3.2663812041841958,0
2026-01-01 05:18:00,21.18337387381653,0.3923848735137513,100.88996974686292,43.9095420474487,3.2728428761572017,0
2026-01-01 05:19:00,21.333074243683882,0.39293269966003846,100.87277359732308,44.05150772240204,3.26722433145363,0
2026-01-01 05:20:00,21.212182307140054,0.37940140336106903,100.874582974575,44.17383934310129,3.281374507550576,0
2026-01-01 05:21:00,21.332442839775972,0.3932752822013075,100.86321412786144,43.86547475444333,3.268858982462713,0
2026-01-01 05:22:00,21.421593256467396,0.34114577228408766,100.92117021310644,43.921245778615486,3.283266460522394,0
2026-01-01 05:23:00,21.288802943200626,0.38160637234144423,100.83566067299357,44.22623560849573,3.2760551041168005,0
2026-01-01 05:24:00,21.28089197425492,0.3535517353984611,100.88576297980978,44.15533857537749,3.2843165321060703,0
2026-01-01 05:25:00,21.360315838803377,0.3803210557796545,100.89082884961884,44.00325138606006,3.274274426138909,0
2026-01-01 05:26:00,21.361657488292927,0.3593181642063263,100.80925977216339,44.3997412368673,3.2757635692812954,0
2026-01-01 05:27:00,21.299962973967588,0.34616752472351153,100.85026603730712,44.271486374140814,3.2718491676345227,0
2026-01-01 05:28:00,21.434749737083152,0.36181656572417226,100.93107371643485,44.62706174798144,3.2870141839231413,0
2026-01-01 05:29:00,21.578309303616294,0.3392191494465944,100.83852089046066,44.40505273488721,3.2912685155539836,0
2026-01-01 05:30:00,21.416354351889886,0.3358659160721489,100.7679472658423,44.36609238882225,3.302145553793396,0
2026-01-01 05:31:00,21.441426539693623,0.3227182680466074,100.79166371322725,44.50809302546321,3.2969878490121824,0
2026-01-01 05:32:00,21.395407088330348,0.34251407555731955,100.72803505554715,44.46835775209248,3.290174608931345,0
2026-01-01 05:33:00,21.526538209266842,0.3470855317950246,100.78973117642217,44.37968252151345,3.2880378172764817,0
2026-01-01 05:34:00,21.42389891581414,0.35174311354993826,100.81498318085018,44.48169527892717,3.2944161304580253,0
2026-01-01 05:35:00,21.458355928262513,0.3310967827932564,100.70084152350972,44.80516744487675,3.2926923465694005,0
2026-01-01 05:36:00,21.673115047347157,0.345840043970643,100.72751904282484,44.81519658702894,3.306251670072719,0
2026-01-01 05:37:00,21.522684141427654,0.32737945858636225,100.79799320240431,45.010993603635626,3.303741855307191,0
2026-01-01 05:38:00,21.706524085494046,0.32280024032465876,100.6888149464459,44.30216007168169,3.2911544151890073,0
2026-01-01 05:39:00,21.767343836636158,0.3300071614623886,100.72059430754244,44.66319856550774,3.2940122994267775,0
2026-01-01 05:40:00,21.691973283288885,0.3346108061165049,100.63622620065429,44.6939689270252,3.312117940015927,0
2026-01-01 05:41:00,21.741749757807526,0.31108349936596724,100.6389009122402,44.87676432244196,3.3053070268865454,0
2026-01-01 05:42:00,21.88029562827946,0.31016883786844834,100.64800857506135,44.75704524459655,3.302642242884359,0
2026-01-01 05:43:00,21.73536624384984,0.3091937542166136,100.80050422972401,44.77809511793261,3.3156270621180077,0
2026-01-01 05:44:00,21.730970450476807,0.31079930108976916,100.6360969678598,45.13847185580344,3.304656741862928,0
2026-01-01 05:45:00,21.697741436365398,0.2941828566471642,100.6197694921528,45.02360619119408,3.3071164759683485,0
2026-01-01 05:46:00,21.837172918070433,0.32142826563983873,100.60892019786003,44.7238564082474,3.3072336279301884,0
2026-01-01 05:47:00,21.980216239512863,0.2985166720293552,100.62414375806561,45.38543198922091,3.2967642361215677,0
2026-01-01 05:48:00,21.966876832894776,0.310176156091941,100.66503248430247,45.33733429129087,3.320867848466049,0
2026-01-01 05:49:00,21.84310655474822,0.2897818508561486,100.6288768212057,44.980968098323494,3.3057342370644793,0
2026-01-01 05:50:00,21.87851245141243,0.3066829599136556,100.73304603867915,45.3685487031954,3.312262951187463,0
2026-01-01 05:51:00,21.935145080041522,0.30652811733022256,100.61471858978005,45.01315524670297,3.3122152210297107,0
2026-01-01 05:52:00,22.02742779500219,0.293916555817339,100.68129774193056,45.51452301231693,3.3252797699690517,0
2026-01-01 05:53:00,22.016183843637922,0.33033380564529624,100.60387218328954,45.21471589748595,3.3201527738050927,0
2026-01-01 05:54:00,22.078285894462805,0.30560179981179714,100.61667837271109,45.104449425866825,3.321998482496827,0
2026-01-01 05:55:00,22.113311586978,0.3269278495794906,100.4870637245605,45.2477693664148,3.309545687236376,0
2026-01-01 05:56:00,22.093999169293497,0.3151196379124081,100.5596588284911,45.18536057419778,3.323317172796108,0
2026-01-01 05:57:00,22.142865392376674,0.2914759556069658,100.55701863979517,45.46050121937579,3.313167201518437,0
2026-01-01 05:58:00,22.190598643515923,0.2965706743754115,100.54072545619736,45.49175440029683,3.328319567064501,0
2026-01-01 05:59:00,22.19512361662893,0.3099503125653452,100.42055545258467,45.49229253348173,3.329600099396659,0
2026-01-01 06:00:00,22.26963537854679,0.30563866987725,100.59727233677003,45.37939185303763,3.327249177659947,0
2026-01-01 06:01:00,22.406243775746383,0.3069764644845788,100.51619726149583,44.63830776884359,3.344371038853695,0
2026-01-01 06:02:00,22.330824273588597,0.30364937959272975,100.50842125774297,45.611636636144574,3.33279877511269,0
2026-01-01 06:03:00,22.314462585474814,0.2827100683291873,100.51496529910963,45.14902413254252,3.333806413870338,0
2026-01-01 06:04:00,22.201244139592358,0.3085289189417558,100.51245444760198,45.718578837545124,3.330551581940496,0
2026-01-01 06:05:00,22.39287738773751,0.2808810059452806,100.54672486391999,45.974461847329884,3.3281535393510655,0
2026-01-01 06:06:00,22.23135225670592,0.3221318025128728,100.44249533091796,45.79423780897186,3.3376138333681427,0
2026-01-01 06:07:00,22.299115831205256,0.30821391482726,100.45965381097969,45.662170321347034,3.338796748413528,0
2026-01-01 06:08:00,22.504436478295947,0.3110610646364835,100.53001618705187,45.74807206267408,3.319582011020146,0
2026-01-01 06:09:00,22.51623477623969,0.32131561354601923,100.51867963564577,45.79302564521826,3.338340810666621,0
2026-01-01 06:10:00,22.47082514929547,0.3316209347392897,100.48501812473181,45.72195758713577,3.3338368040345263,0
2026-01-01 06:11:00,22.368487901682414,0.30907626185333015,100.47116313831664,45.74601326421438,3.3371414196133933,0
2026-01-01 06:12:00,22.497404997329376,0.30743922585146277,100.4538218550835,45.69338443552964,3.332823960241979,0
2026-01-01 06:13:00,22.493965635335396,0.3208617035016728,100.49898553632362,46.253491212806225,3.3186893083382425,0
2026-01-01 06:14:00,22.619664539703763,0.30946963743403383,100.57224123295887,45.98433838398019,3.3187206876174695,0
2026-01-01 06:15:00,22.76906297423613,0.32887966834677185,100.43713628836161,46.25874392482397,3.342074578066925,0
2026-01-01 06:16:00,22.624775735078504,0.37056192075953964,100.59155256178141,45.988275615173244,3.3287862930122945,0
2026-01-01 06:17:00,22.563278480487455,0.33418081648156367,100.55063890024819,46.099595254745665,3.3146353136901876,0
2026-01-01 06:18:00,22.549383418817037,0.3631314812497765,100.47298120514631,46.06936506859152,3.327884725156946,0
2026-01-01 06:19:00,22.65512406827691,0.33610175030303224,100.54761492330836,46.257709576754344,3.3212515436507095,0
2026-01-01 06:20:00,22.661210972838614,0.3644492821825553,100.41345971689009,46.37832179854042,3.308375570811576,0
2026-01-01 06:21:00,22.5981143832329,0.3584084188860332,100.39861451638251,46.26086404709364,3.3037043784980273,0
2026-01-01 06:22:00,22.713545513148066,0.36549051585584036,100.42652808458627,46.061361863552996,3.308039588091808,0
2026-01-01 06:23:00,22.625267024759978,0.37802984583948046,100.48104627586392,46.06329892173739,3.3218059307579137,0
2026-01-01 06:24:00,22.818496823000572,0.3988656315935121,100.48813147396595,46.70113553523548,3.317957105697569,0
2026-01-01 06:25:00,22.825798002709956,0.37836641190903975,100.47908023432298,46.2439637785507,3.3150019073677077,0
2026-01-01 06:26:00,22.837878988841013,0.38012193724167054,100.51859308909638,46.268393597211755,3.3178736628012304,0
2026-01-01 06:27:00,22.72252985087113,0.3663412353437672,100.3874620333159,46.73417357460492,3.3189582135073294,0
2026-01-01 06:28:00,22.810000670889053,0.3922395761028339,100.54853852446544,46.6661874060664,3.2958383840513563,0
2026-01-01 06:29:00,22.765678044919717,0.3821973394610782,100.43720654101791,46.553521109503976,3.3087194483626634,0
2026-01-01 06:30:00,22.751553218535722,0.40060802816760654,100.48655906169749,46.34558256984757,3.3029412159932336,0
2026-01-01 06:31:00,22.760942926593994,0.3895424291907035,100.50558069555919,47.05862336488276,3.298105336177668,0
2026-01-01 06:32:00,22.688508662713165,0.41820237319580966,100.46541422574307,46.592973632844874,3.301975053375462,0
2026-01-01 06:33:00,22.680377377880923,0.36405030644348246,100.45725276730691,46.655388662593424,3.3037318524735433,0
2026-01-01 06:34:00,22.861817192400405,0.3908550117784417,100.4841615205332,46.499275850328814,3.3009315950596343,0
2026-01-01 06:35:00,22.784340616524148,0.40983489839564863,100.54910933109939,46.21137585744729,3.289763276095633,0
2026-01-01 06:36:00,22.817301036766985,0.39245387176836005,100.59080335443089,46.25364521144236,3.2958692646041468,0
2026-01-01 06:37:00,22.879451196403842,0.3867212547765745,100.595116066172,46.71093856048596,3.3141957893297516,0
2026-01-01 06:38:00,22.658971657111902,0.3952893006923527,100.50772422203224,46.728477704627366,3.287973310869482,0
2026-01-01 06:39:00,22.73218247500094,0.37903330747978187,100.5263011491198,46.59130810050728,3.281264707391287,0
2026-01-01 06:40:00,22.805216480852962,0.40175032386435144,100.52522804558278,46.37862819590742,3.2953312495743163,0
2026-01-01 06:41:00,22.817825025513994,0.4365847345351692,100.61438362783318,46.330823578061725,3.29629140846335,0
2026-01-01 06:42:00,22.750556207881722,0.41694302771897884,100.47233819668531,46.62840520566297,3.2936459732488164,0
2026-01-01 06:43:00,22.856325510619694,0.3827010597361972,100.67632565373383,46.36490032150001,3.2794221784830526,0
2026-01-01 06:44:00,22.78310464649362,0.38558553040345916,100.58062761739802,46.97165403910983,3.294846831734326,0
2026-01-01 06:45:00,22.660507074452976,0.3917478792848883,100.57063894475591,47.052506821173324,3.279102107118138,0
2026-01-01 06:46:00,22.673454942340495,0.4118057388363936,100.64619114703802,47.48843135006507,3.274873542436357,0
2026-01-01 06:47:00,22.80173825496945,0.3831302381116285,100.6961883931601,47.016995554556786,3.2777020397453747,0
2026-01-01 06:48:00,22.76285127791271,0.38361018179832324,100.6634221693995,46.66485300193655,3.280371344631005,0
2026-01-01 06:49:00,22.56133845708358,0.4055506827623624,100.71489096194928,46.61019902425293,3.2856826522797644,0
2026-01-01 06:50:00,22.807689257330072,0.40337717895152647,100.6688646037623,45.97962879709573,3.283751352964275,0
2026-01-01 06:51:00,22.733430752982454,0.3827485977259348,100.74387015839538,46.707674989065,3.277437018235238,0
2026-01-01 06:52:00,22.77789796468777,0.3693673864807716,100.75429639351964,46.82537659059206,3.2840056364226173,0
2026-01-01 06:53:00,22.62372134027775,0.3605051500485609,100.68331326081776,47.12417662119677,3.276192069543126,0
2026-01-01 06:54:00,22.61391317078402,0.370734004867168,100.78552372707156,47.0471073863268,3.2817812591051485,0
2026-01-01 06:55:00,22.52979221925561,0.34508975851697976,100.71913278959201,47.05265115721981,3.2625340060255685,0
2026-01-01 06:56:00,22.8044116532511,0.38699699391372105,100.7247214645045,46.96969707595652,3.2604040844843607,0
2026-01-01 06:57:00,22.568202367845533,0.3633868381101412,100.67465385328276,47.09161066888427,3.278519079729959,0
2026-01-01 06:58:00,22.689280207006586,0.3770428449747954,100.72321865267389,47.29773934442896,3.2605939270705364,0
2026-01-01 06:59:00,22.489815886765104,0.3947463831775629,100.79796574792951,46.678436375376904,3.268790981725216,0
2026-01-01 07:00:00,22.53333756751234,0.38114022502238637,100.68347272141781,46.838503911286445,3.26999571835679,0
2026-01-01 07:01:00,22.364489573957485,0.3430418674052182,100.81227832693493,46.61322398062116,3.266544499015976,0
2026-01-01 07:02:00,22.444900512937572,0.3700654250086803,100.80542887339162,47.37190177965001,3.266578941412069,0
2026-01-01 07:03:00,22.53095591071454,0.3710811276919646,100.81251130426837,47.29768350506438,3.281198551522043,0
2026-01-01 07:04:00,22.328264850785015,0.33918800925458964,100.67494137288865,47.167114419653345,3.249763800286124,0
2026-01-01 07:05:00,22.48978502156598,0.3327522847487063,100.81273002666971,46.68432846723451,3.2771072415159876,0
2026-01-01 07:06:00,22.406073045132263,0.3420878402351004,100.86952706577252,47.03146962775371,3.2885257281832465,0
2026-01-01 07:07:00,22.27018166086249,0.3164211906000215,100.79666688118026,46.93318344256282,3.270573184587286,0
2026-01-01 07:08:00,22.287722571025355,0.35925534909601486,100.8597737610852,47.015001457821,3.270544250732657,0
2026-01-01 07:09:00,22.264859584457966,0.2979225450103327,100.72367316669883,46.950057158346205,3.276908977488096,0
2026-01-01 07:10:00,22.270973143761246,0.31428063915965887,100.91872687089679,47.12870671625796,3.2862199902026776,0
2026-01-01 07:11:00,22.20504238099317,0.3238039555153865,100.85085901500321,46.90097964694499,3.26266357028575,0
2026-01-01 07:12:00,22.1544338650718,0.321504228579011,100.95511646362634,47.213642308629026,3.273534163808243,0
2026-01-01 07:13:00,22.168651510608377,0.324576966959705,100.80455865833788,47.05999732588103,3.2720914324861403,0
2026-01-01 07:14:00,22.083022806461514,0.3234554225654771,100.96900570990526,46.92536747482066,3.278886249090388,0
2026-01-01 07:15:00,22.033956659768318,0.31361412556996987,100.92564247015588,46.969000394617645,3.276593684107764,0
2026-01-01 07:16:00,22.10503458918792,0.33145363190940796,101.00074180235967,46.88448396697418,3.281582559784811,0
2026-01-01 07:17:00,22.151149694145918,0.28004988805409714,100.90919955432007,47.195109550954406,3.273990530600789,0
2026-01-01 07:18:00,21.92969837515085,0.3100464583582649,100.9401133221233,46.920121762560605,3.278883713987021,0
2026-01-01 07:19:00,22.023790738294878,0.2974160499349008,101.12426066265209,47.05740265977317,3.2743234289653285,0
2026-01-01 07:20:00,21.942945581043663,0.308394406261675,100.95241571996779,46.880615346128096,3.275628996133494,0
2026-01-01 07:21:00,21.88820888285415,0.3081836671586849,100.97234910062225,46.60182335401072,3.281126955378663,0
2026-01-01 07:22:00,22.00613684867399,0.28986089471442456,101.01060450118021,47.19335500772058,3.2824938900496825,0
2026-01-01 07:23:00,21.867968829398965,0.29279657103799434,100.97831759145002,46.695377188222615,3.27567130633112,0
2026-01-01 07:24:00,22.000962627608356,0.31338351416341836,101.12354542061387,47.122131082686906,3.2990789767613813,0
2026-01-01 07:25:00,21.790539076234264,0.30602996389268894,101.16803313865682,47.04916567456207,3.286946769299996,0
2026-01-01 07:26:00,21.85586169142015,0.2901084116774447,101.03465997156954,46.52126309127597,3.2785037110495,0
2026-01-01 07:27:00,21.77899746309902,0.3306492741427816,100.9856703366274,46.689605289581216,3.2999636418685445,0
2026-01-01 07:28:00,21.709355601937837,0.33464925975435944,101.17182107008882,46.787118147756146,3.286770454116906,0
2026-01-01 07:29:00,21.789482340787906,0.2782574315323269,101.18021259144216,46.69969817107491,3.298450668974126,0
2026-01-01 07:30:00,21.703189171599046,0.305125343199862,101.17514437656659,46.59796467719506,3.2958933116841873,0
2026-01-01 07:31:00,21.73732679609933,0.3388568666841703,101.2072925265028,47.06648503333423,3.2996916581544036,0
2026-01-01 07:32:00,21.659165353560848,0.3138206719932616,101.09782115568908,46.808941561671446,3.3007193157595998,0
2026-01-01 07:33:00,21.550391964920966,0.3064313151286741,101.15164005279762,46.95197958175149,3.296416225702136,0
2026-01-01 07:34:00,21.603862949978797,0.3012560796915388,101.09047933835379,46.734055457581206,3.30300841923271,0
2026-01-01 07:35:00,21.591450936106803,0.29772323121240685,101.10010377408723,46.90353154562921,3.3206005942834733,0
2026-01-01 07:36:00,21.639763946064313,0.3043138271667375,101.25561151161011,46.62432449078159,3.2880766411777147,0
2026-01-01 07:37:00,21.466935004247283,0.30108982078964586,101.16785956724753,46.78979680736557,3.308128330580292,0
2026-01-01 07:38:00,21.513227142625947,0.3225541980015668,101.35624748625499,46.92560739133297,3.3126802584616915,0
2026-01-01 07:39:00,21.35617704345255,0.3076096568180487,101.23508566123242,46.77454562670553,3.3023535784862554,0
2026-01-01 07:40:00,21.5242460299125,0.30932787592339256,101.20322689046247,46.631548458589,3.3013470726054512,0
2026-01-01 07:41:00,21.3644804266905,0.3004272241422613,101.30039199147093,46.456130870882866,3.331081306996759,0
2026-01-01 07:42:00,21.286062964418015,0.32037039966200886,101.37130330449688,46.751106056674935,3.312295460123382,0
2026-01-01 07:43:00,21.406133275181315,0.3104853695886125,101.30293959574031,46.77626950481958,3.3333098518244904,0
2026-01-01 07:44:00,21.48037567509907,0.32408485857857317,101.21111610463637,46.60571990515072,3.32232293581609,0
2026-01-01 07:45:00,21.251790907718167,0.3454253510246697,101.31660047844629,46.45770417067037,3.3199492417090752,0
2026-01-01 07:46:00,21.269328309532007,0.3383787505470549,101.38688773633362,46.76485904674964,3.324391484858761,0
2026-01-01 07:47:00,21.280354525766803,0.3436285330220612,101.28457872806362,47.228286365765136,3.3268438581982043,0
2026-01-01 07:48:00,21.233744127298745,0.34462873648157266,101.27737965188226,46.51034722002541,3.3323139953014045,0
2026-01-01 07:49:00,21.33960745282044,0.34345232236728346,101.3942076650147,46.64773226489412,3.3274056300526986,0
2026-01-01 07:50:00,21.23069414981625,0.343965109984314,101.3508332236219,46.63496347734024,3.326044532675595,0
2026-01-01 07:51:00,21.224491467658517,0.3445866136314699,101.2852829910619,45.87555756338888,3.327189698185986,0
2026-01-01 07:52:00,21.316721627407638,0.36392267319809884,101.33743144340052,46.52419638207761,3.337406909440716,0
2026-01-01 07:53:00,21.19839152450941,0.3395932655486611,101.32343208888588,46.292164520167155,3.3338575018736236,0
2026-01-01 07:54:00,21.283175868262585,0.37926262524241255,101.39487308668953,46.79004405330247,3.319951431861597,0
2026-01-01 07:55:00,21.161521787997135,0.36291722160634343,101.3917674927312,46.354976163730775,3.3234421246948544,0
2026-01-01 07:56:00,21.13391092535913,0.35437469143994954,101.46206197065413,46.19822032549848,3.3316446723188284,0
2026-01-01 07:57:00,21.07667638168817,0.3613978219968729,101.44321814256463,46.31165074864269,3.32439735869072,0
2026-01-01 07:58:00,21.36602917878696,0.36162673715821836,101.31417890652054,46.38113550392259,3.3266602227625617,0
2026-01-01 07:59:00,21.186131313042992,0.3771344994234082,101.43950810310548,46.17229570735212,3.3222245948269395,0
2026-01-01 08:00:00,21.226891096286817,0.36680368839475985,101.47574291854666,46.27144946874136,3.3278864674972284,0
2026-01-01 08:01:00,21.20152774936839,0.39742074028362834,101.4558543529085,45.917993614804736,3.3333837845220415,0
2026-01-01 08:02:00,21.21445911715619,0.3711470587373357,101.49661199441387,46.1717232485202,3.337878656737411,0
2026-01-01 08:03:00,21.204305741262576,0.3512206439028041,101.4078688721618,46.39305191549377,3.329821498002482,0
2026-01-01 08:04:00,21.352676710148835,0.3766234562668885,101.3895531461175,46.66212745470055,3.346084947139204,0
2026-01-01 08:05:00,21.117614018867467,0.35957357901669584,101.50788770892957,46.316777080564705,3.328522353067795,0
2026-01-01 08:06:00,21.077859347834618,0.39103994150679916,101.39335354131006,46.178068908297064,3.3542386631027514,0
2026-01-01 08:07:00,21.12424488000475,0.4092769324564775,101.33262129781338,46.37559702720928,3.3361735816971816,0
2026-01-01 08:08:00,21.102183935513064,0.4046647772117313,101.52833481871674,46.30364594601961,3.331516339216766,0
2026-01-01 08:09:00,21.273485494814953,0.3762436584598178,101.42769725343624,46.43369595080568,3.322847499348955,0
2026-01-01 08:10:00,21.285129452388496,0.386027057736127,101.45682145147325,46.25692930109543,3.3034582075911527,0
2026-01-01 08:11:00,21.149360047949195,0.4250829167567353,101.39504676177573,45.92500347537814,3.3239471047106997,0
2026-01-01 08:12:00,21.122783326999475,0.40390856499922195,101.40283465372299,45.986969788584766,3.3256701805915405,0
2026-01-01 08:13:00,21.214364268191193,0.39970187573630567,101.41611030145714,45.93473181058781,3.3386055272443333,0
2026-01-01 08:14:00,21.36373350198933,0.41576969429728666,101.46670253868803,45.93276572169526,3.311097706118623,0
2026-01-01 08:15:00,21.037527044131632,0.4367867098868157,101.51307217461763,45.874317242743544,3.3362242918562113,0
2026-01-01 08:16:00,21.31681157788075,0.41928890894454124,101.35522747819398,45.59536335317142,3.3177440163310727,0
2026-01-01 08:17:00,21.20113490986423,0.40155482491947964,101.54014229366418,45.23153369194287,3.3242622438615883,0
2026-01-01 08:18:00,21.38384768448069,0.40418744825938524,101.42569839914128,45.55574473523116,3.296809843906396,0
2026-01-01 08:19:00,21.22869935584697,0.4073097452105991,101.43393559888791,45.183138268902304,3.316846832179251,0
2026-01-01 08:20:00,21.307288680027256,0.3878360013837863,101.53957046287378,45.6723911944726,3.3115421555349216,0
2026-01-01 08:21:00,21.22566263871756,0.37990968805377934,101.4950941431402,45.622073385641,3.3182647702830512,0
2026-01-01 08:22:00,21.284861243908402,0.39513777982900755,101.40774697506822,45.167378270156014,3.3120089478646575,0
2026-01-01 08:23:00,21.491598270410048,0.37850639581263473,101.61065694477546,45.72345274172068,3.3005802359272627,0
2026-01-01 08:24:00,21.464856497453862,0.38996637644079607,101.44807999645406,45.733081745502034,3.3157030747475478,0
2026-01-01 08:25:00,21.38632204769409,0.39032224825949907,101.51397985203499,45.50511600077464,3.3120681468959856,0
2026-01-01 08:26:00,21.368828694636523,0.42181531462274086,101.51024597119067,45.86269640366213,3.309649115011081,0
2026-01-01 08:27:00,21.307641093929,0.3715903073903887,101.58173244371694,45.87817562767325,3.3112951024670676,0
2026-01-01 08:28:00,21.449046100393954,0.380032888803171,101.46820230578037,45.07310453702286,3.31037038184999,0
2026-01-01 08:29:00,21.500121857479794,0.3767572985797611,101.55420774098022,45.597999284119304,3.2997221899888936,0
2026-01-01 08:30:00,21.518559628245043,0.38301379230663113,101.4470803521847,45.41314292539997,3.2873697833747233,0
2026-01-01 08:31:00,21.541075922592423,0.38926976127142804,101.55648558856534,45.37151871770471,3.2854911631356436,0
2026-01-01 08:32:00,21.48270553715006,0.3632216939055248,101.44063720507381,45.464470229034426,3.3057192703801817,0
2026-01-01 08:33:00,21.5915647130289,0.35517728799625764,101.46163816838211,45.01490966198055,3.2989709103076845,0
2026-01-01 08:34:00,21.618703216106784,0.33972779305420286,101.59378104766117,45.01038740161544,3.292490348647485,0
2026-01-01 08:35:00,21.750454862507198,0.34722256583073713,101.49539367977873,44.91553899204143,3.2866094014690357,0
2026-01-01 08:36:00,21.82241132838934,0.36589004227106936,101.4790155574421,44.89716753896626,3.288782107020996,0
2026-01-01 08:37:00,21.688393237292242,0.35522108507070316,101.60271234478527,45.02492291736192,3.2872064598542843,0
2026-01-01 08:38:00,21.66471102913024,0.33597766499046783,101.48533755480375,44.650236147455,3.2828325805854766,0
2026-01-01 08:39:00,21.747829513496374,0.3422850861168795,101.40986491197138,44.71539732293414,3.278497654226821,0
2026-01-01 08:40:00,25.731745942226805,0.7950255496773534,98.49780107062277,45.08485587668551,2.9500166846289826,1
2026-01-01 08:41:00,25.748568628196818,0.7988096945314227,98.37742921364475,44.88639744040067,2.933196300179654,1
2026-01-01 08:42:00,25.831123929205148,0.7790935048097334,98.51035554723086,44.96357282070543,2.9252445466118298,1
2026-01-01 08:43:00,25.78041359095262,0.7810310671559999,98.50906506079869,44.359258695955575,2.9184590849663454,1
2026-01-01 08:44:00,25.940602096238415,0.7543719802665076,98.39610575751868,44.59940587054057,2.921919805341416,1
2026-01-01 08:45:00,25.912173518546197,0.7613200794916233,98.38631707224098,44.620376538903365,2.9324016744154706,1
2026-01-01 08:46:00,25.968962042530716,0.799894083124638,98.42782433321793,44.73130851125312,2.931701508492557,1
2026-01-01 08:47:00,25.962865883969076,0.7399519982285068,98.41106552314562,44.5406378800652,2.9229533695678906,1
2026-01-01 08:48:00,25.947889134474444,0.7649737892497763,98.34428072180825,44.88465009418064,2.9242577083918935,1
2026-01-01 08:49:00,25.958793388008726,0.7707286227692065,98.42950118996025,44.601030177271895,2.920628135554499,1
2026-01-01 08:50:00,26.04416456855828,0.7593698870763975,98.26513019328881,44.584232586397775,2.9135134977595483,1
2026-01-01 08:51:00,26.047681782391482,0.7505628033672732,98.35365572056163,44.547882275491666,2.9321825476656054,1
2026-01-01 08:52:00,26.13861387438713,0.7596348109845983,98.34713812846041,44.686163355711166,2.924230119954651,1
2026-01-01 08:53:00,26.147713470146233,0.7585175947114136,98.34649385452757,44.35609333078351,2.9406285739366385,1
2026-01-01 08:54:00,26.067060863060636,0.7555853684913737,98.37261162890384,44.719602349889996,2.914427109619024,1
2026-01-01 08:55:00,22.209167979500087,0.27706835437568916,101.27156390611592,44.5192093986246,3.2691260435421396,0
2026-01-01 08:56:00,22.123862395675108,0.3016387745624875,101.37140744677089,44.40809178070799,3.2771317812785137,0
2026-01-01 08:57:00,22.2091709895391,0.2898439673313786,101.31592854153492,44.34561286379942,3.268041329649426,0
2026-01-01 08:58:00,22.261809210809528,0.2934857230031486,101.2781618559446,44.4310706987928,3.2589271575247927,0
2026-01-01 08:59:00,22.145839999564195,0.3043520653630198,101.22540407084324,44.520889625978405,3.262556871218619,0
2026-01-01 09:00:00,22.345289079168623,0.3100219885850527,101.226473775351,44.469712957342274,3.27116505180234,0
2026-01-01 09:01:00,22.375722736429406,0.3135466444413866,101.30894060769414,44.29383887474123,3.2734086738739943,0
2026-01-01 09:02:00,22.3762139356705,0.29255443360619476,101.21917139816915,44.38586078679604,3.2702981035081624,0
2026-01-01 09:03:00,22.379626355125136,0.3139884532781193,101.27036237253343,44.16335337700494,3.2795653515927774,0
2026-01-01 09:04:00,22.407871850990556,0.31808367620600686,101.31957097351206,44.41425546408039,3.2800499441561084,0
2026-01-01 09:05:00,22.383267085004075,0.31809670099830617,101.30699219954231,44.062147509090934,3.2753464670169565,0
2026-01-01 09:06:00,22.462855866197376,0.32268050785848346,101.32768596861182,43.51798836536983,3.273719822543149,0
2026-01-01 09:07:00,22.462646772626094,0.30064959972084904,101.20516677867421,44.33953628726252,3.2723037567556834,0
2026-01-01 09:08:00,22.535967938530113,0.30143325243551816,101.1465783279162,44.00064977386254,3.279636522071433,0
2026-01-01 09:09:00,22.453405404904576,0.3178355544870722,101.26152939933425,43.64987801459942,3.2835631901267703,0
2026-01-01 09:10:00,22.588985550020542,0.28657437287388504,101.20735951657893,43.86240185141306,3.2777423019520557,0
2026-01-01 09:11:00,22.60127079401135,0.3120168375170714,101.24458775798266,43.66066920991973,3.2819789048803703,0
2026-01-01 09:12:00,22.59741094829378,0.3029028894399185,101.16607080323777,44.37671947539642,3.276972583703836,0
2026-01-01 09:13:00,22.59174591493578,0.30748919654952545,101.22529954617367,43.94650749570614,3.2695259109979644,0
2026-01-01 09:14:00,22.68841630831082,0.28922236368973564,101.19240140514876,43.400716976633355,3.274121078841426,0
2026-01-01 09:15:00,22.527586163026903,0.30446492874510184,101.17257228265004,43.900643450429,3.2896203917791205,0
2026-01-01 09:16:00,22.713273040007127,0.32013665283005305,101.14768628193771,43.636033418637446,3.288486768491646,0
2026-01-01 09:17:00,22.710699533335035,0.3365231389039885,101.12915131285227,44.186948267638435,3.299095494179355,0
2026-01-01 09:18:00,22.727864791476136,0.3409181029117,101.10702018092178,43.41703948747218,3.2883276580721,0
2026-01-01 09:19:00,22.748898460085293,0.32784049609443144,101.09428292153122,43.09135374648768,3.29633954765252,0
2026-01-01 09:20:00,22.678064648054672,0.32927685410734825,101.1277802848375,43.64292114232979,3.3015806220367425,0
2026-01-01 09:21:00,22.720790666038386,0.32280623211974196,101.0252471624585,43.51324378742549,3.3005549982282787,0
2026-01-01 09:22:00,22.802757656487163,0.344517466167731,101.14766940795549,43.47036368282236,3.2893567671477375,0
2026-01-01 09:23:00,22.795530831095416,0.3380353191204079,101.02468890019453,43.01393104133687,3.294392180960267,0
2026-01-01 09:24:00,22.785932752651036,0.3541407852097206,101.07770212410074,43.63115346109773,3.298563201984252,0
2026-01-01 09:25:00,22.65558488385459,0.37465332784882976,101.00066884921694,43.91848547324789,3.2913020198909853,0
2026-01-01 09:26:00,22.826105622322824,0.3512251161972276,100.97878368697002,42.9990807838418,3.30464972941799,0
2026-01-01 09:27:00,22.881977768611545,0.3325755377370139,101.10302247206322,43.74584651807582,3.31071114166789,0
2026-01-01 09:28:00,22.873533713833744,0.3454258392087984,100.95004345142587,43.28807030163423,3.3003284333817886,0
2026-01-01 09:29:00,22.814799077443432,0.3397320785368192,100.87950690978744,43.9952286649155,3.321598861995126,0
2026-01-01 09:30:00,22.67378807290152,0.3468617835942446,100.90085817414183,43.49523343224156,3.305117838807599,0
2026-01-01 09:31:00,22.87510121185793,0.3875457932710566,100.91226779833535,43.31805792672208,3.3074222004715774,0
2026-01-01 09:32:00,22.788192607245026,0.3744351069303605,101.04825429291321,43.620692503300745,3.308713955239673,0
2026-01-01 09:33:00,22.59662649255699,0.35120762254827653,100.9190401020097,43.455729524994005,3.306495529379668,0
2026-01-01 09:34:00,22.827640427671614,0.3866830745495358,100.950467864637,43.156537729590006,3.317008628306216,0
2026-01-01 09:35:00,22.67530879865121,0.39853315203632883,100.82210538370714,43.46319570095903,3.3152878278686204,0
2026-01-01 09:36:00,22.687172482802318,0.37684671828570543,100.8912478192788,43.139523953583605,3.3298337752907647,0
2026-01-01 09:37:00,22.735287527601237,0.37457902446724683,100.8983511522652,42.802205196770394,3.322765414592034,0
2026-01-01 09:38:00,22.882085491097463,0.38197802275136195,100.9542199045052,43.73993322312532,3.3235173316865105,0
2026-01-01 09:39:00,22.743809379389546,0.3934630320437272,100.7925020646554,43.12793182096667,3.3186931007930514,0
2026-01-01 09:40:00,22.787368672645147,0.4007746018382904,100.85874723436727,43.046956475419684,3.3103379810569447,0
2026-01-01 09:41:00,22.896762579860876,0.4107064848970224,100.82906338422039,43.26836815697288,3.3220554453057862,0
2026-01-01 09:42:00,22.87471795778175,0.41276766674076953,100.73809412631503,42.77885775946521,3.3170185024385366,0
2026-01-01 09:43:00,22.728244783227442,0.41377075054644524,100.78684366438505,42.81605449472466,3.332411447390579,0
2026-01-01 09:44:00,22.705569524384266,0.41762339052792474,100.76094905972168,43.01583099724829,3.3254525080809643,0
2026-01-01 09:45:00,22.61147519722166,0.40811058616120965,100.62612166377242,42.99772034970814,3.3398420555309105,0
2026-01-01 09:46:00,22.643333337265236,0.37600727307266996,100.79059623695557,43.13315018991053,3.333136837914107,0
2026-01-01 09:47:00,22.718572439704133,0.3975699437963268,100.77627651429907,43.38396743504383,3.334592789045506,0
2026-01-01 09:48:00,22.700982971773616,0.404586678634741,100.70687171906567,42.97359838018541,3.3303217893553416,0
2026-01-01 09:49:00,22.662070668754367,0.39425284334153865,100.64240672405589,43.20471255003885,3.3306260736984132,0
2026-01-01 09:50:00,26.7159297017647,0.8635683777486092,97.80119921748677,43.22194118358936,2.9845736912768888,1
2026-01-01 09:51:00,26.556838508019563,0.8441742896779245,97.71823198408846,42.79121557441561,2.9870291167560103,1
2026-01-01 09:52:00,26.595635224956887,0.8351490653026832,97.75332583616333,43.110668403011005,2.974171980085355,1
2026-01-01 09:53:00,26.63934880361856,0.8699396734030185,97.76718708563818,42.80985111526103,2.983911437442275,1
2026-01-01 09:54:00,26.60756825445969,0.8572906937784405,97.64175577489611,43.30410222600396,3.000966053589186,1
2026-01-01 09:55:00,26.625784184692836,0.8494047294454865,97.71238621602565,43.1451581241735,2.9792114387463933,1
2026-01-01 09:56:00,26.550453255139583,0.8586269688488856,97.64004496882023,43.02942056170814,2.977723865221064,1
2026-01-01 09:57:00,26.47186099197713,0.8590760457743147,97.64183387428409,42.68493127535503,2.9739758530923357,1
2026-01-01 09:58:00,26.50287678319941,0.8464736154672718,97.63174423562728,43.04406992200189,2.9675834246360764,1
2026-01-01 09:59:00,26.370377590794256,0.8025294575253756,97.62832335397691,42.81918792800471,2.9882493420290492,1
2026-01-01 10:00:00,22.295537599165876,0.37712181626395164,100.68699365554835,43.18396537427342,3.3287036106452836,0
2026-01-01 10:01:00,22.44871303220105,0.37810273091024277,100.61957663918699,42.97483166422994,3.330003481115405,0
2026-01-01 10:02:00,22.372899975849677,0.36772888214693966,100.59515636170424,42.79942532203077,3.341670524268986,0
2026-01-01 10:03:00,22.376554672198544,0.3828681798540674,100.58026868137709,43.23239941866029,3.34620771395321,0
2026-01-01 10:04:00,22.190189071336082,0.3950343866636652,100.61007230170597,43.180572994389664,3.318167542179547,0
2026-01-01 10:05:00,22.270500839820837,0.367020479217962,100.52889039717348,42.851695317161905,3.3327760951450673,0
2026-01-01 10:06:00,22.22504529157339,0.3543063476471655,100.54567287571912,43.291018036841976,3.3283190050792744,0
2026-01-01 10:07:00,22.176872569906262,0.3986893748218556,100.56621053822012,42.92706487151436,3.32544161282767,0
2026-01-01 10:08:00,22.038270262655942,0.3583561386997325,100.52918060976197,42.926188687245265,3.324932696667169,0
2026-01-01 10:09:00,22.164264620652702,0.34342486971674585,100.55008010331267,43.036899893001966,3.3197034723002616,0
2026-01-01 10:10:00,22.234978212265926,0.3622231878849944,100.51487596737371,42.8209234050976,3.3313276192410983,0
2026-01-01 10:11:00,22.16560492362969,0.3617434875381074,100.66637423634003,42.902462216410484,3.3221947357272814,0
2026-01-01 10:12:00,22.058808278643017,0.34145891152228314,100.62077825423172,42.977199604593636,3.3186487188258407,0
2026-01-01 10:13:00,22.07731651406825,0.3605588409422111,100.56321641820018,43.40499282264513,3.324429829572425,0
2026-01-01 10:14:00,22.110573057287628,0.33806538679174075,100.52847670379948,43.403090878447514,3.32014448424167,0
2026-01-01 10:15:00,21.800654275142193,0.3282246028289087,100.65890686724893,42.96986908941651,3.3151316495657257,0
2026-01-01 10:16:00,21.982956028823146,0.341476654209888,100.54290071604083,43.44425397682954,3.3125079290750925,0
2026-01-01 10:17:00,22.00781524374361,0.34713801961876856,100.51467311743626,43.03852812875322,3.322350844733938,0
2026-01-01 10:18:00,21.990415256720677,0.3229114871462387,100.53473179383607,43.1528450854884,3.3107678006441312,0
2026-01-01 10:19:00,22.043470939697624,0.3342995250958156,100.53186331106109,43.28758653926838,3.304338781218989,0
2026-01-01 10:20:00,21.96990181761871,0.32495043699520304,100.59539233097958,43.14933529461411,3.296550229734925,0
2026-01-01 10:21:00,21.87594302536044,0.36583704585853194,100.50720768773782,43.690386054999486,3.298994992314476,0
2026-01-01 10:22:00,21.847126024255026,0.31007774046399433,100.63218462744175,43.158326763043135,3.2916837023325796,0
2026-01-01 10:23:00,21.8581792989841,0.33883445099780185,100.45149202432535,42.80962146517493,3.2992766743183837,0
2026-01-01 10:24:00,21.72459440547908,0.31479427419153316,100.54455420042322,43.4475402127891,3.298810767694463,0
2026-01-01 10:25:00,21.737338632368463,0.31133855348044137,100.44161013261879,43.030931371290656,3.278697904370726,0
2026-01-01 10:26:00,21.786196799974842,0.3218887925755831,100.60986575736794,43.07126679728998,3.2936144714171642,0
2026-01-01 10:27:00,21.84380244260135,0.32247049239176534,100.48043769332891,42.4134247277943,3.297045363914653,0
2026-01-01 10:28:00,21.64837351511253,0.3262445718574099,100.4965244970166,43.42620129589626,3.291594146700729,0
2026-01-01 10:29:00,21.631583124046482,0.3105377936321233,100.5555267751828,43.3957819534767,3.281064135610611,0
2026-01-01 10:30:00,21.626138805534605,0.2951679767578494,100.57576214770182,43.406737324979225,3.2973259223870035,0
2026-01-01 10:31:00,21.693018960402856,0.2948787320729743,100.43441044999233,43.46798943732337,3.2801190590337215,0
2026-01-01 10:32:00,21.55896843830973,0.3095667854219889,100.48134665606487,43.66313081411103,3.2744216324479596,0
2026-01-01 10:33:00,21.65533245082971,0.3098276504671151,100.41972509574205,43.24645477749576,3.2742095580408805,0
2026-01-01 10:34:00,21.437430874741096,0.3214942713428385,100.51327344376733,43.51050970742526,3.2813993285961978,0
2026-01-01 10:35:00,21.477479131083804,0.30642913298075336,100.5008767620801,43.10886583977116,3.2880957073502834,0
2026-01-01 10:36:00,21.454754833398745,0.31590583066592587,100.48825518683124,43.22565938514903,3.288334896393533,0
2026-01-01 10:37:00,21.51244968812106,0.32282762798534914,100.47066240137687,43.598140911711376,3.2795308680417437,0
2026-01-01 10:38:00,21.51277330106723,0.3028426284077676,100.49141970019919,43.45212376727899,3.267214790407076,0
2026-01-01 10:39:00,21.28874820743283,0.27860229158095795,100.47293774941907,43.04192495277082,3.270491969370744,0
2026-01-01 10:40:00,21.317398735120882,0.28392977124276125,100.55290797035988,43.487084119792684,3.2676215729422777,0
2026-01-01 10:41:00,21.399437935504366,0.28100008806374616,100.61587530576702,43.373026923493974,3.2725116047489218,0
2026-01-01 10:42:00,21.30247614821876,0.3275999250316449,100.41311981011312,43.23661393101684,3.258961434883499,0
2026-01-01 10:43:00,21.216881718258083,0.29237946437818274,100.52634454198719,43.57289325145428,3.2733418685434756,0
2026-01-01 10:44:00,21.406102074421742,0.32513226421509434,100.51284329351779,43.386743697908315,3.276996709563709,0
2026-01-01 10:45:00,21.347752418171822,0.31719724154202816,100.5723954987446,43.11929619743223,3.270114446829585,0
2026-01-01 10:46:00,21.333782405741296,0.33608169228882573,100.49095284761955,43.258670211349546,3.274546917790518,0
2026-01-01 10:47:00,21.243285939134715,0.3275166003632821,100.54476065254005,44.003775763478814,3.263006124057894,0
2026-01-01 10:48:00,21.351546647286682,0.31321891421108655,100.49693822387017,43.208250758265386,3.2586173591121828,0
2026-01-01 10:49:00,21.238876749578566,0.3141948752312837,100.6071579924228,43.668650377215876,3.264991244906716,0
